1,10133
2,15030
3,15060b
4,16010
5,16011
6,16016
7,16045
8,16048
9,16161P
10,16162M
11,16206B
12,16235
13,16236
14,16254
15,16258A
16,17011F
17,17012D
18,17038
19,17084A
20,17091J
21,17129F
22,17164B
23,20615
24,20619
25,20663
26,20668
27,20669
28,20670
29,20677
30,20678
31,20701
32,20707
33,20723
34,20735
35,20738
36,20750
37,20755
38,20761
39,20765
40,20767
41,20768
42,20772
43,20773
44,20774
45,20775
46,20778
47,20781
48,20785
49,20793
50,20830
51,20835
52,20836
53,20839
54,20840
55,20848
56,20850
57,20857
58,20863
59,20864
60,20871
61,20898
62,20902
63,20910
64,20933
65,20960
66,20970
67,20975
68,20978
69,20986
70,20998
71,21002
72,21009
73,21026
74,21028
75,21033
76,21060
77,21062
78,21071
79,21080
80,21084
81,21089
82,21107
83,21109
84,21120
85,21124
86,21135
87,21143
88,21147
89,21158
90,21159
91,21162
92,21163
93,21179
94,21187
95,21189
96,21192
97,21195
98,21199
99,21201
100,21202
101,21207
102,21210
103,21212
104,21218
105,21219
106,21220
107,21221
108,21226
109,21238
110,21239
111,21242
112,21245
113,21248
114,21253
115,21258
116,21259
117,21264
118,21265
119,21272
120,21281
121,21282
122,21286
123,21307
124,21314
125,21319
126,21336
127,21340
128,21352
129,21356
130,21361
131,21370
132,21376
133,21381
134,21401
135,21424
136,21426
137,21427
138,21429
139,21432
140,21439
141,21441
142,21447
143,21455
144,21465
145,21466
146,21469
147,21470
148,21471
149,21473
150,21474
151,21479
152,21485
153,21495
154,21497
155,21498
156,21506
157,21507
158,21528
159,21538
160,21539
161,21578
162,21580
163,21588
164,21591
165,21594
166,21609
167,21616
168,21625
169,21627
170,21633
171,21635
172,21636
173,21637
174,21647
175,21650
176,21653
177,21656
178,21657
179,21658
180,21662
181,21724
182,21725
183,21730
184,21731
185,21743
186,21754
187,21763
188,21785
189,21788
190,21791
191,21793
192,21794
193,21806
194,21817
195,21820
196,21823
197,21825
198,21830
199,21844
200,21846
201,21851
202,21858
203,21866
204,21867
205,21868
206,21872
207,21877
208,21882
209,21888
210,21892
211,21894
212,21896
213,21908
214,21912
215,21914
216,21917
217,21918
218,21926
219,21931
220,21932
221,21933
222,21973
223,21977
224,21980
225,21989
226,21991
227,22023
228,22026
229,22027
230,22028
231,22031
232,22032
233,22035
234,22038
235,22039
236,22040
237,22044
238,22045
239,22046
240,22050
241,22051
242,22060
243,22065
244,22068
245,22070
246,22075
247,22079
248,22087
249,22089
250,22091
251,22097
252,22103
253,22106
254,22115
255,22123
256,22128
257,22129
258,22133
259,22138
260,22144
261,22154
262,22157
263,22168
264,22169
265,22174
266,22179
267,22183
268,22189
269,22191
270,22194
271,22196
272,22198
273,22201
274,22203
275,22204
276,22210
277,22217
278,22224
279,22229
280,22245
281,22250
282,22252
283,22255
284,22256
285,22261
286,22264
287,22267
288,22276
289,22280
290,22281
291,22287
292,22297
293,22300
294,22306
295,22313
296,22320
297,22322
298,22326
299,22333
300,22339
301,22350
302,22353
303,22356
304,22357
305,22363
306,22366
307,22376
308,22381
309,22400
310,22402
311,22403
312,22406
313,22413
314,22416
315,22421
316,22426
317,22428
318,22430
319,22438
320,22441
321,22448
322,22450
323,22458
324,22464
325,22466
326,22472
327,22474
328,22475
329,22477
330,22480
331,22483
332,22485
333,22489
334,22492
335,22502
336,22507
337,22508
338,22509
339,22517
340,22523
341,22524
342,22544
343,22550
344,22557
345,22558
346,22559
347,22561
348,22563
349,22567
350,22571
351,22572
352,22578
353,22580
354,22581
355,22582
356,22587
357,22591
358,22595
359,22596
360,22597
361,22598
362,22603
363,22609
364,22617
365,22621
366,22623
367,22624
368,22627
369,22640
370,22641
371,22642
372,22644
373,22649
374,22655
375,22660
376,22667
377,22669
378,22672
379,22674
380,22679
381,22682
382,22685
383,22686
384,22688
385,22693
386,22696
387,22699
388,22706
389,22708
390,22711
391,22715
392,22718
393,22721
394,22722
395,22726
396,22730
397,22731
398,22737
399,22741
400,22742
401,22744
402,22746
403,22747
404,22754
405,22759
406,22766
407,22772
408,22780
409,22785
410,22786
411,22794
412,22797
413,22798
414,22799
415,22800
416,22803
417,22806
418,22807
419,22810
420,22818
421,22819
422,22823
423,22825
424,22826
425,22829
426,22837
427,22840
428,22846
429,22856
430,22857
431,22859
432,22860
433,22866
434,22870
435,22873
436,22875
437,22884
438,22892
439,22904
440,22905
441,22907
442,22908
443,22911
444,22912
445,22916
446,22918
447,22922
448,22923
449,22926
450,22927
451,22932
452,22940
453,22941
454,22953
455,22954
456,22957
457,22964
458,22972
459,22974
460,22975
461,22976
462,22989
463,22993
464,22999
465,23002
466,23003
467,23004
468,23012
469,23013
470,23015
471,23020
472,23021
473,23029
474,23035
475,23041
476,23042
477,23046
478,23048
479,23051
480,23053
481,23055
482,23058
483,23066
484,23068
485,23069
486,23075
487,23082
488,23083
489,23087
490,23096
491,23100
492,23102
493,23103
494,23106
495,23111
496,23126
497,23129
498,23130
499,23134
500,23139
501,23140
502,23142
503,23143
504,23153
505,23154
506,23157
507,23159
508,23164
509,23165
510,23175
511,23176
512,23178
513,23182
514,23184
515,23186
516,23191
517,23192
518,23201
519,23204
520,23206
521,23210
522,23211
523,23213
524,23216
525,23227
526,23230
527,23231
528,23233
529,23234
530,23238
531,23241
532,23249
533,23250
534,23251
535,23263
536,23266
537,23269
538,23275
539,23280
540,23285
541,23290
542,23294
543,23296
544,23300
545,23306
546,23309
547,23313
548,23315
549,23318
550,23320
551,23332
552,23333
553,23336
554,23337
555,23344
556,23356
557,23366
558,23367
559,23374
560,23377
561,23391
562,23394
563,23398
564,23400
565,23401
566,23404
567,23405
568,23410
569,23412
570,23413
571,23414
572,23424
573,23430
574,23434
575,23435
576,23438
577,23441
578,23445
579,23448
580,23452
581,23454
582,23455
583,23457
584,23459
585,23460
586,23462
587,23465
588,23472
589,23476
590,23485
591,23486
592,23492
593,23495
594,23503
595,23505
596,23509
597,23510
598,23514
599,23523
600,23527
601,23529
602,23531
603,23534
604,23537
605,23538
606,23539
607,23542
608,23556
609,23566
610,23569
611,23570
612,23575
613,23579
614,23582
615,23598
616,23609
617,23611
618,23616
619,23626
620,23627
621,23629
622,23632
623,23635
624,23637
625,23643
626,23644
627,23646
628,23649
629,23661
630,23681
631,23691
632,23702
633,35015
634,35241
635,35271S
636,35443
637,35591T
638,35598A
639,35598D
640,35610B
641,35610C
642,35637A
643,35638B
644,35809A
645,35809B
646,35810A
647,35824B
648,35833G
649,35909A
650,35909B
651,35910A
652,35910B
653,35913B
654,35915C
655,35916B
656,35916C
657,35954
658,35965
659,35972
660,37340
661,37370
662,37413
663,37423
664,37449
665,37450
666,37468
667,37487B
668,37488A
669,37489C
670,40001
671,44089C
672,44242B
673,46000R
674,46776A
675,46776E
676,46776a
677,47021G
678,47343A
679,47344B
680,47351B
681,47471
682,47502
683,47504K
684,47556B
685,47570b
686,47586A
687,47589
688,47591B
689,47591d
690,47594B
691,48111
692,48185
693,51008
694,51014L
695,51014c
696,62074B
697,62094B
698,62096B
699,71101E
700,71279
701,71459
702,71495B
703,72024U
704,72130
705,72133
706,72232
707,72760B
708,72781
709,72798C
710,72800C
711,72800E
712,72801C
713,72801G
714,72802C
715,72807A
716,72807B
717,72807C
718,72807c
719,79026B
720,79062D
721,79144C
722,79172D
723,79190D
724,79191B
725,79320
726,79321
727,79331
728,79337
729,79403
730,81950B
731,81950V
732,81952B
733,81952V
734,82011C
735,82484
736,82486
737,82545A
738,82578
739,82613B
740,82613D
741,82613b
742,84012
743,84031b
744,84033
745,84051
746,84078A
747,84206B
748,84218
749,84247L
750,84347
751,84356
752,84360
753,84375
754,84378
755,84380
756,84402B
757,84424A
758,84466
759,84482
760,84497
761,84499
762,84509A
763,84509B
764,84510c
765,84519B
766,84526
767,84531B
768,84534B
769,84536A
770,84558a
771,84559B
772,84559b
773,84569B
774,84569C
775,84596E
776,84596G
777,84596J
778,84596f
779,84596l
780,84598
781,84600
782,84614A
783,84625A
784,84629
785,84658
786,84659A
787,84660A
788,84660b
789,84661C
790,84661a
791,84666
792,84673A
793,84687
794,84688
795,84692
796,84706F
797,84707B
798,84711B
799,84715
800,84723
801,84725
802,84750A
803,84754
804,84763
805,84792
806,84796A
807,84798A
808,84800L
809,84801A
810,84802A
811,84803A
812,84804A
813,84805A
814,84817
815,84818
816,84820
817,84823
818,84827
819,84839
820,84857B
821,84858C
822,84864A
823,84870B
824,84870C
825,84872A
826,84873A
827,84875A
828,84875D
829,84877D
830,84880
831,84884a
832,84898F
833,84913B
834,84922
835,84925D
836,84926D
837,84927E
838,84929
839,84931B
840,84945
841,84950
842,84951A
843,84963A
844,84966B
845,84967B
846,84968A
847,84968B
848,84968F
849,84968f
850,84970S
851,84970s
852,84974
853,84975
854,84984D
855,84989A
856,84990
857,84993A
858,84993B
859,84993a
860,84997d
861,85008
862,85017A
863,85018D
864,85019C
865,85025B
866,85026B
867,85031C
868,85032B
869,85034B
870,85034C
871,85034b
872,85035C
873,85035b
874,85036C
875,85039B
876,85039C
877,85040A
878,85047
879,85048
880,85049A
881,85049E
882,85049F
883,85049G
884,85049H
885,85049b
886,85049c
887,85049e
888,85054
889,85059
890,85060
891,85068
892,85071B
893,85071C
894,85084
895,85086A
896,85088
897,85089
898,85096
899,85099f
900,85107
901,85111
902,85123A
903,85123a
904,85124B
905,85124C
906,85125
907,85126
908,85129B
909,85129C
910,85130C
911,85132A
912,85159A
913,85160A
914,85168B
915,85169A
916,85169C
917,85183A
918,85184C
919,85184c
920,85185B
921,85185D
922,85186A
923,85187
924,85206A
925,85212
926,85213
927,85215
928,85224
929,85226C
930,85230F
931,85231b
932,85231g
933,85232A
934,85232B
935,90000B
936,90001B
937,90003C
938,90003E
939,90010B
940,90011C
941,90011E
942,90012A
943,90012B
944,90016C
945,90018B
946,90018C
947,90020
948,90023
949,90025E
950,90027D
951,90033
952,90036C
953,90037A
954,90040A
955,90040C
956,90042C
957,90043
958,90046
959,90049
960,90054
961,90058A
962,90063A
963,90063B
964,90065A
965,90068
966,90074
967,90076
968,90082A
969,90084
970,90087
971,90093
972,90098
973,90103
974,90118
975,90123B
976,90123D
977,90124B
978,90126C
979,90129B
980,90129C
981,90130C
982,90132
983,90140
984,90141A
985,90141B
986,90143
987,90145
988,90148
989,90149
990,90156
991,90157
992,90159
993,90160D
994,90161B
995,90162B
996,90167
997,90168
998,90177A
999,90177E
1000,90179B
1001,90181C
1002,90182C
1003,90183B
1004,90184C
1005,90184c
1006,90185D
1007,90197B
1008,90198B
1009,90199D
1010,90200A
1011,90200C
1012,90200D
1013,90201A
1014,90201D
1015,90202D
1016,90205A
1017,90211B
1018,90212B
1019,90214B
1020,90214L
1021,90214M
1022,90214N
1023,90214R
1024,90214T
1025,90214U
1026,BANK CHARGES
1027,DCGS0003
1028,DCGS0055
1029,DCGS0073
1030,StockCode
1031,m
1032,10002
1033,10120
1034,10124A
1035,10125
1036,15034
1037,15036
1038,15056bl
1039,15058B
1040,16014
1041,16049
1042,16052
1043,16054
1044,16156L
1045,16161U
1046,16169E
1047,16169M
1048,16169N
1049,16169P
1050,16202A
1051,16202E
1052,16207A
1053,16218
1054,16238
1055,16244B
1056,17007B
1057,17012E
1058,17021
1059,17091A
1060,17107D
1061,17109D
1062,17165D
1063,17191A
1064,18097A
1065,18097C
1066,20655
1067,20659
1068,20664
1069,20665
1070,20667
1071,20675
1072,20676
1073,20681
1074,20684
1075,20686
1076,20696
1077,20699
1078,20700
1079,20703
1080,20705
1081,20711
1082,20713
1083,20726
1084,20748
1085,20752
1086,20754
1087,20756
1088,20758
1089,20759
1090,20777
1091,20794
1092,20795
1093,20798
1094,20803
1095,20820
1096,20828
1097,20831
1098,20832
1099,20837
1100,20847
1101,20851
1102,20860
1103,20866
1104,20867
1105,20896
1106,20901
1107,20932
1108,20935
1109,20941
1110,20950
1111,20954
1112,20964
1113,20966
1114,20969
1115,20971
1116,20972
1117,20980
1118,20997
1119,21001
1120,21003
1121,21015
1122,21025
1123,21027
1124,21030
1125,21035
1126,21058
1127,21059
1128,21064
1129,21066
1130,21070
1131,21086
1132,21088
1133,21090
1134,21095
1135,21108
1136,21128
1137,21136
1138,21154
1139,21156
1140,21157
1141,21160
1142,21161
1143,21164
1144,21165
1145,21169
1146,21172
1147,21186
1148,21196
1149,21204
1150,21206
1151,21211
1152,21232
1153,21261
1154,21262
1155,21278
1156,21279
1157,21285
1158,21289
1159,21291
1160,21294
1161,21310
1162,21313
1163,21326
1164,21329
1165,21331
1166,21344
1167,21351
1168,21355
1169,21360
1170,21365
1171,21371
1172,21372
1173,21374
1174,21375
1175,21380
1176,21382
1177,21383
1178,21385
1179,21389
1180,21392
1181,21395
1182,21407
1183,21411
1184,21412
1185,21413
1186,21422
1187,21428
1188,21442
1189,21454
1190,21459
1191,21462
1192,21463
1193,21464
1194,21481
1195,21494
1196,21508
1197,21511
1198,21527
1199,21537
1200,21557
1201,21561
1202,21562
1203,21577
1204,21584
1205,21595
1206,21613
1207,21615
1208,21618
1209,21619
1210,21621
1211,21622
1212,21623
1213,21628
1214,21629
1215,21630
1216,21631
1217,21634
1218,21640
1219,21641
1220,21654
1221,21664
1222,21666
1223,21671
1224,21672
1225,21675
1226,21676
1227,21678
1228,21679
1229,21700
1230,21705
1231,21707
1232,21708
1233,21726
1234,21738
1235,21739
1236,21742
1237,21745
1238,21747
1239,21749
1240,21750
1241,21770
1242,21789
1243,21792
1244,21801
1245,21807
1246,21809
1247,21813
1248,21815
1249,21816
1250,21818
1251,21819
1252,21821
1253,21824
1254,21827
1255,21828
1256,21836
1257,21839
1258,21841
1259,21845
1260,21878
1261,21879
1262,21880
1263,21881
1264,21883
1265,21884
1266,21889
1267,21891
1268,21897
1269,21903
1270,21904
1271,21911
1272,21913
1273,21927
1274,21929
1275,21930
1276,21934
1277,21946
1278,21949
1279,21955
1280,21975
1281,21976
1282,21983
1283,21984
1284,21993
1285,22024
1286,22025
1287,22029
1288,22034
1289,22048
1290,22049
1291,22053
1292,22055
1293,22061
1294,22069
1295,22074
1296,22076
1297,22077
1298,22082
1299,22088
1300,22090
1301,22092
1302,22093
1303,22094
1304,22095
1305,22100
1306,22101
1307,22102
1308,22104
1309,22108
1310,22111
1311,22134
1312,22136
1313,22137
1314,22142
1315,22148
1316,22151
1317,22152
1318,22161
1319,22166
1320,22171
1321,22176
1322,22180
1323,22185
1324,22187
1325,22192
1326,22197
1327,22200
1328,22202
1329,22206
1330,22208
1331,22209
1332,22211
1333,22212
1334,22214
1335,22228
1336,22232
1337,22236
1338,22241
1339,22244
1340,22251
1341,22262
1342,22268
1343,22277
1344,22282
1345,22284
1346,22285
1347,22289
1348,22293
1349,22294
1350,22296
1351,22305
1352,22309
1353,22310
1354,22315
1355,22323
1356,22325
1357,22327
1358,22343
1359,22348
1360,22349
1361,22351
1362,22354
1363,22358
1364,22361
1365,22365
1366,22367
1367,22374
1368,22380
1369,22383
1370,22385
1371,22386
1372,22391
1373,22395
1374,22396
1375,22408
1376,22410
1377,22417
1378,22420
1379,22423
1380,22427
1381,22435
1382,22437
1383,22440
1384,22445
1385,22451
1386,22452
1387,22457
1388,22459
1389,22467
1390,22468
1391,22469
1392,22471
1393,22479
1394,22481
1395,22486
1396,22497
1397,22499
1398,22500
1399,22501
1400,22504
1401,22505
1402,22511
1403,22514
1404,22522
1405,22526
1406,22528
1407,22537
1408,22540
1409,22541
1410,22548
1411,22549
1412,22553
1413,22554
1414,22560
1415,22570
1416,22575
1417,22583
1418,22594
1419,22604
1420,22608
1421,22614
1422,22616
1423,22618
1424,22628
1425,22630
1426,22634
1427,22638
1428,22647
1429,22651
1430,22654
1431,22663
1432,22665
1433,22666
1434,22670
1435,22671
1436,22673
1437,22675
1438,22678
1439,22680
1440,22684
1441,22690
1442,22691
1443,22692
1444,22697
1445,22698
1446,22701
1447,22704
1448,22707
1449,22712
1450,22717
1451,22720
1452,22727
1453,22728
1454,22729
1455,22736
1456,22740
1457,22743
1458,22749
1459,22750
1460,22758
1461,22762
1462,22765
1463,22773
1464,22781
1465,22802
1466,22804
1467,22812
1468,22813
1469,22814
1470,22831
1471,22838
1472,22844
1473,22847
1474,22852
1475,22854
1476,22861
1477,22862
1478,22863
1479,22865
1480,22868
1481,22874
1482,22876
1483,22877
1484,22878
1485,22885
1486,22886
1487,22890
1488,22891
1489,22896
1490,22897
1491,22899
1492,22903
1493,22910
1494,22915
1495,22921
1496,22928
1497,22931
1498,22938
1499,22944
1500,22956
1501,22960
1502,22969
1503,22971
1504,22973
1505,22982
1506,22985
1507,22986
1508,22987
1509,22991
1510,22994
1511,22996
1512,22998
1513,23005
1514,23007
1515,23009
1516,23016
1517,23019
1518,23022
1519,23023
1520,23031
1521,23032
1522,23034
1523,23039
1524,23040
1525,23050
1526,23067
1527,23074
1528,23077
1529,23078
1530,23084
1531,23107
1532,23109
1533,23110
1534,23120
1535,23124
1536,23137
1537,23141
1538,23144
1539,23146
1540,23150
1541,23151
1542,23155
1543,23162
1544,23173
1545,23177
1546,23188
1547,23190
1548,23194
1549,23196
1550,23218
1551,23219
1552,23220
1553,23222
1554,23235
1555,23237
1556,23245
1557,23252
1558,23254
1559,23267
1560,23270
1561,23273
1562,23274
1563,23281
1564,23284
1565,23288
1566,23297
1567,23301
1568,23302
1569,23304
1570,23310
1571,23311
1572,23312
1573,23319
1574,23323
1575,23325
1576,23326
1577,23327
1578,23329
1579,23330
1580,23340
1581,23343
1582,23347
1583,23350
1584,23355
1585,23360
1586,23371
1587,23376
1588,23389
1589,23393
1590,23407
1591,23408
1592,23415
1593,23419
1594,23422
1595,23428
1596,23442
1597,23447
1598,23449
1599,23453
1600,23456
1601,23458
1602,23467
1603,23468
1604,23481
1605,23482
1606,23483
1607,23487
1608,23490
1609,23497
1610,23499
1611,23500
1612,23502
1613,23504
1614,23506
1615,23507
1616,23511
1617,23515
1618,23516
1619,23517
1620,23521
1621,23526
1622,23535
1623,23536
1624,23540
1625,23543
1626,23545
1627,23548
1628,23555
1629,23557
1630,23567
1631,23574
1632,23576
1633,23583
1634,23595
1635,23612
1636,23615
1637,23633
1638,23645
1639,23650
1640,23664
1641,23694
1642,23697
1643,23843
1644,35001G
1645,35004P
1646,35095B
1647,35265
1648,35400
1649,35471D
1650,35598B
1651,35600A
1652,35611B
1653,35637C
1654,35638A
1655,35809a
1656,35817P
1657,35818B
1658,35833P
1659,35911A
1660,35915B
1661,35920
1662,35923
1663,35924
1664,35933
1665,35951
1666,35953
1667,35958
1668,35961
1669,35966
1670,35969
1671,37330
1672,37343
1673,37379A
1674,37444A
1675,37444B
1676,37462E
1677,37471
1678,37476
1679,37477C
1680,37489A
1681,37489B
1682,37491C
1683,37491D
1684,44089A
1685,44092B
1686,44092C
1687,44236
1688,46000S
1689,46037A
1690,46118
1691,46776b
1692,46776f
1693,47013A
1694,47013C
1695,47341B
1696,47348A
1697,47469
1698,47481
1699,47518F
1700,47518f
1701,47580
1702,47590B
1703,47590b
1704,47591A
1705,47593A
1706,47593b
1707,48129
1708,48173C
1709,48187
1710,48189
1711,62018
1712,62043B
1713,62097B
1714,70006
1715,70007
1716,71215
1717,71270
1718,71406C
1719,71477
1720,71510
1721,72131
1722,72134
1723,72598
1724,72709
1725,72741
1726,72783
1727,72793
1728,72799C
1729,72799F
1730,72800F
1731,72811
1732,72816
1733,72817
1734,72818
1735,72819
1736,75011
1737,75049L
1738,78033
1739,78124
1740,79063D
1741,79157V
1742,79164
1743,79190A
1744,79190B
1745,79323G
1746,79323GR
1747,79323S
1748,82001s
1749,82011B
1750,82095
1751,82552
1752,82567
1753,82600
1754,82613A
1755,82613c
1756,82615
1757,84029E
1758,84029G
1759,84030E
1760,84031A
1761,84086B
1762,84201B
1763,84206C
1764,84212
1765,84227
1766,84247K
1767,84247N
1768,84251B
1769,84270
1770,84279B
1771,84306
1772,84313C
1773,84388
1774,84429A
1775,84452
1776,84459A
1777,84461
1778,84462
1779,84508A
1780,84509E
1781,84509F
1782,84509G
1783,84509c
1784,84519A
1785,84522
1786,84534b
1787,84535A
1788,84535B
1789,84536B
1790,84536a
1791,84559A
1792,84559D
1793,84562A
1794,84563B
1795,84569D
1796,84576
1797,84581
1798,84584
1799,84595E
1800,84596L
1801,84596b
1802,84597C
1803,84613C
1804,84625C
1805,84632
1806,84660a
1807,84661B
1808,84661b
1809,84665
1810,84670
1811,84675
1812,84679
1813,84686
1814,84707A
1815,84709B
1816,84726
1817,84732D
1818,84761
1819,84795C
1820,84796a
1821,84797B
1822,84798B
1823,84800M
1824,84800S
1825,84803B
1826,84809B
1827,84824
1828,84849B
1829,84856S
1830,84857A
1831,84859C
1832,84877A
1833,84882
1834,84905
1835,84907
1836,84919
1837,84920
1838,84927F
1839,84944
1840,84952C
1841,84963B
1842,84966A
1843,84968E
1844,84968a
1845,84968d
1846,84970L
1847,84970l
1848,84971L
1849,84971l
1850,84976
1851,84978
1852,84984B
1853,84991
1854,84997A
1855,84997B
1856,85016
1857,85023C
1858,85024C
1859,85031B
1860,85032A
1861,85032C
1862,85034a
1863,85035B
1864,85036A
1865,85042
1866,85049D
1867,85067
1868,85078
1869,85092
1870,85110
1871,85114C
1872,85116
1873,85130A
1874,85132C
1875,85135B
1876,85135C
1877,85144
1878,85150
1879,85160a
1880,85169D
1881,85170A
1882,85170B
1883,85170C
1884,85173
1885,85174
1886,85177
1887,85179A
1888,85179B
1889,85179C
1890,85180A
1891,85180B
1892,85188A
1893,85195
1894,85200
1895,85204
1896,85225
1897,85232D
1898,90000A
1899,90000D
1900,90002D
1901,90003D
1902,90010E
1903,90013B
1904,90014A
1905,90014C
1906,90016A
1907,90016B
1908,90018A
1909,90019A
1910,90024D
1911,90025D
1912,90027C
1913,90028
1914,90030C
1915,90032
1916,90035A
1917,90035C
1918,90036A
1919,90036B
1920,90037C
1921,90038A
1922,90039D
1923,90057
1924,90058B
1925,90059F
1926,90060F
1927,90064B
1928,90067A
1929,90067B
1930,90071
1931,90081B
1932,90082D
1933,90085
1934,90089
1935,90100
1936,90101
1937,90104
1938,90112
1939,90119
1940,90120C
1941,90120D
1942,90122B
1943,90122C
1944,90123C
1945,90124A
1946,90124C
1947,90125A
1948,90125C
1949,90127A
1950,90129A
1951,90130D
1952,90131
1953,90133
1954,90135A
1955,90147
1956,90151
1957,90152B
1958,90160B
1959,90161C
1960,90161D
1961,90164B
1962,90166
1963,90173
1964,90175A
1965,90175C
1966,90176A
1967,90176B
1968,90176C
1969,90179C
1970,90180A
1971,90180B
1972,90182B
1973,90183A
1974,90184B
1975,90185A
1976,90186B
1977,90189A
1978,90190C
1979,90194
1980,90196A
1981,90199A
1982,90199B
1983,90199C
1984,90206A
1985,90206C
1986,90210B
1987,90210C
1988,90211A
1989,90212C
1990,90214A
1991,90214C
1992,90214E
1993,90214I
1994,90214K
1995,90214O
1996,90214V
1997,90214W
1998,C2
1999,DCGS0004
2000,DCGS0067
2001,DCGS0068
2002,DCGS0070
2003,DCGS0076
2004,S
2005,gift_0001_30
2006,gift_0001_50
2007,15044A
2008,15044B
2009,15044D
2010,15056BL
2011,15056N
2012,15056P
2013,15058A
2014,16008
2015,16012
2016,16015
2017,16020C
2018,16033
2019,16043
2020,16046
2021,16151A
2022,16161M
2023,16162L
2024,16168M
2025,16169K
2026,16202B
2027,16207B
2028,16216
2029,16219
2030,16225
2031,17003
2032,17011A
2033,17012B
2034,17012C
2035,17012F
2036,17013D
2037,17028J
2038,17084N
2039,17084P
2040,17090A
2041,17090D
2042,17096
2043,17174
2044,18007
2045,18094C
2046,18098c
2047,20616
2048,20617
2049,20652
2050,20653
2051,20654
2052,20657
2053,20674
2054,20682
2055,20685
2056,20694
2057,20695
2058,20698
2059,20716
2060,20717
2061,20718
2062,20727
2063,20733
2064,20734
2065,20751
2066,20763
2067,20764
2068,20769
2069,20771
2070,20780
2071,20782
2072,20796
2073,20801
2074,20802
2075,20818
2076,20823
2077,20826
2078,20838
2079,20845
2080,20846
2081,20868
2082,20878
2083,20893
2084,20894
2085,20897
2086,20903
2087,20906
2088,20931
2089,20934
2090,20957
2091,20961
2092,20963
2093,20973
2094,20977
2095,20983
2096,20984
2097,20985
2098,20992
2099,20996
2100,21000
2101,21011
2102,21012
2103,21031
2104,21039
2105,21040
2106,21043
2107,21051
2108,21054
2109,21055
2110,21056
2111,21067
2112,21069
2113,21078
2114,21094
2115,21098
2116,21110
2117,21112
2118,21115
2119,21121
2120,21123
2121,21129
2122,21132
2123,21137
2124,21145
2125,21167
2126,21171
2127,21188
2128,21190
2129,21191
2130,21194
2131,21197
2132,21198
2133,21208
2134,21216
2135,21217
2136,21228
2137,21231
2138,21240
2139,21243
2140,21249
2141,21250
2142,21257
2143,21260
2144,21263
2145,21269
2146,21270
2147,21275
2148,21277
2149,21284
2150,21293
2151,21306
2152,21311
2153,21316
2154,21317
2155,21318
2156,21320
2157,21327
2158,21330
2159,21348
2160,21349
2161,21357
2162,21358
2163,21359
2164,21363
2165,21364
2166,21366
2167,21369
2168,21377
2169,21378
2170,21393
2171,21397
2172,21398
2173,21399
2174,21403
2175,21408
2176,21414
2177,21416
2178,21417
2179,21418
2180,21420
2181,21425
2182,21430
2183,21445
2184,21448
2185,21452
2186,21472
2187,21476
2188,21500
2189,21504
2190,21509
2191,21518
2192,21519
2193,21520
2194,21523
2195,21531
2196,21534
2197,21535
2198,21547
2199,21555
2200,21558
2201,21563
2202,21576
2203,21579
2204,21581
2205,21586
2206,21589
2207,21592
2208,21610
2209,21617
2210,21624
2211,21626
2212,21645
2213,21648
2214,21667
2215,21669
2216,21670
2217,21673
2218,21677
2219,21680
2220,21682
2221,21689
2222,21692
2223,21693
2224,21695
2225,21696
2226,21703
2227,21706
2228,21710
2229,21713
2230,21714
2231,21715
2232,21718
2233,21719
2234,21722
2235,21735
2236,21736
2237,21741
2238,21746
2239,21756
2240,21757
2241,21758
2242,21769
2243,21773
2244,21774
2245,21775
2246,21777
2247,21786
2248,21787
2249,21790
2250,21803
2251,21804
2252,21810
2253,21812
2254,21814
2255,21822
2256,21826
2257,21833
2258,21843
2259,21847
2260,21849
2261,21850
2262,21873
2263,21876
2264,21890
2265,21899
2266,21901
2267,21902
2268,21906
2269,21910
2270,21925
2271,21928
2272,21943
2273,21944
2274,21947
2275,21948
2276,21974
2277,21981
2278,21982
2279,21985
2280,21986
2281,21987
2282,21992
2283,22021
2284,22030
2285,22033
2286,22036
2287,22037
2288,22042
2289,22052
2290,22057
2291,22064
2292,22080
2293,22084
2294,22085
2295,22096
2296,22098
2297,22107
2298,22109
2299,22112
2300,22113
2301,22114
2302,22117
2303,22118
2304,22119
2305,22120
2306,22121
2307,22125
2308,22127
2309,22130
2310,22135
2311,22139
2312,22141
2313,22143
2314,22146
2315,22149
2316,22153
2317,22155
2318,22158
2319,22162
2320,22164
2321,22165
2322,22173
2323,22182
2324,22184
2325,22193
2326,22207
2327,22215
2328,22216
2329,22219
2330,22221
2331,22222
2332,22227
2333,22230
2334,22231
2335,22233
2336,22242
2337,22243
2338,22263
2339,22266
2340,22271
2341,22275
2342,22278
2343,22279
2344,22292
2345,22295
2346,22301
2347,22307
2348,22316
2349,22321
2350,22324
2351,22332
2352,22334
2353,22335
2354,22338
2355,22340
2356,22341
2357,22342
2358,22344
2359,22345
2360,22352
2361,22362
2362,22371
2363,22375
2364,22377
2365,22378
2366,22382
2367,22384
2368,22389
2369,22394
2370,22398
2371,22405
2372,22409
2373,22411
2374,22412
2375,22418
2376,22424
2377,22425
2378,22433
2379,22434
2380,22436
2381,22439
2382,22442
2383,22449
2384,22476
2385,22482
2386,22491
2387,22493
2388,22498
2389,22503
2390,22512
2391,22513
2392,22530
2393,22531
2394,22532
2395,22533
2396,22534
2397,22536
2398,22539
2399,22543
2400,22547
2401,22562
2402,22564
2403,22566
2404,22568
2405,22573
2406,22585
2407,22586
2408,22592
2409,22593
2410,22599
2411,22600
2412,22602
2413,22605
2414,22606
2415,22607
2416,22611
2417,22613
2418,22619
2419,22620
2420,22622
2421,22626
2422,22629
2423,22635
2424,22636
2425,22637
2426,22639
2427,22650
2428,22653
2429,22656
2430,22659
2431,22661
2432,22664
2433,22668
2434,22681
2435,22683
2436,22687
2437,22694
2438,22700
2439,22702
2440,22703
2441,22714
2442,22716
2443,22719
2444,22725
2445,22734
2446,22751
2447,22752
2448,22753
2449,22761
2450,22764
2451,22771
2452,22774
2453,22777
2454,22778
2455,22779
2456,22783
2457,22784
2458,22788
2459,22792
2460,22801
2461,22805
2462,22808
2463,22815
2464,22816
2465,22817
2466,22820
2467,22821
2468,22822
2469,22830
2470,22833
2471,22834
2472,22835
2473,22841
2474,22842
2475,22848
2476,22851
2477,22853
2478,22858
2479,22867
2480,22871
2481,22882
2482,22887
2483,22889
2484,22893
2485,22895
2486,22898
2487,22900
2488,22909
2489,22913
2490,22920
2491,22933
2492,22939
2493,22942
2494,22945
2495,22947
2496,22951
2497,22952
2498,22961
2499,22962
2500,22965
2501,22966
2502,22967
2503,22970
2504,22979
2505,22983
2506,22990
2507,22992
2508,22995
2509,22997
2510,23006
2511,23008
2512,23014
2513,23026
2514,23036
2515,23043
2516,23045
2517,23047
2518,23054
2519,23056
2520,23059
2521,23070
2522,23072
2523,23076
2524,23081
2525,23085
2526,23086
2527,23089
2528,23093
2529,23094
2530,23101
2531,23108
2532,23112
2533,23113
2534,23115
2535,23116
2536,23117
2537,23118
2538,23119
2539,23123
2540,23125
2541,23127
2542,23128
2543,23131
2544,23135
2545,23138
2546,23147
2547,23163
2548,23166
2549,23167
2550,23168
2551,23171
2552,23174
2553,23179
2554,23181
2555,23187
2556,23189
2557,23193
2558,23197
2559,23198
2560,23199
2561,23202
2562,23212
2563,23215
2564,23224
2565,23228
2566,23240
2567,23242
2568,23255
2569,23264
2570,23268
2571,23289
2572,23292
2573,23293
2574,23298
2575,23299
2576,23305
2577,23307
2578,23314
2579,23321
2580,23328
2581,23331
2582,23334
2583,23339
2584,23346
2585,23352
2586,23357
2587,23359
2588,23365
2589,23368
2590,23370
2591,23372
2592,23373
2593,23375
2594,23378
2595,23380
2596,23381
2597,23382
2598,23390
2599,23392
2600,23395
2601,23411
2602,23417
2603,23418
2604,23420
2605,23425
2606,23429
2607,23433
2608,23437
2609,23440
2610,23446
2611,23451
2612,23461
2613,23463
2614,23466
2615,23469
2616,23471
2617,23473
2618,23474
2619,23475
2620,23480
2621,23491
2622,23493
2623,23501
2624,23508
2625,23513
2626,23518
2627,23519
2628,23522
2629,23524
2630,23525
2631,23530
2632,23532
2633,23533
2634,23550
2635,23551
2636,23552
2637,23554
2638,23559
2639,23561
2640,23562
2641,23564
2642,23565
2643,23571
2644,23578
2645,23580
2646,23581
2647,23601
2648,23602
2649,23604
2650,23605
2651,23607
2652,23608
2653,23614
2654,23617
2655,23620
2656,23621
2657,23623
2658,23624
2659,23628
2660,23630
2661,23634
2662,23636
2663,23652
2664,23654
2665,23660
2666,23692
2667,35004B
2668,35004G
2669,35095A
2670,35597D
2671,35603B
2672,35609A
2673,35610A
2674,35646
2675,35647
2676,35818P
2677,35832
2678,35911B
2679,35914
2680,35916A
2681,35921
2682,35922
2683,35964
2684,35967
2685,35970
2686,35971
2687,35991
2688,37333
2689,37342
2690,37351
2691,37444C
2692,37447
2693,37467
2694,37474
2695,37475
2696,37479B
2697,37489D
2698,37491A
2699,37501
2700,40003
2701,40016
2702,44091A
2703,44228
2704,44265
2705,45013
2706,46000M
2707,46000P
2708,46000U
2709,46115B
2710,46138B
2711,46776C
2712,46776D
2713,47341A
2714,47369A
2715,47369B
2716,47503A
2717,47504H
2718,47559b
2719,47563A
2720,47567B
2721,47570B
2722,47578A
2723,47579
2724,47590A
2725,47593B
2726,47599A
2727,48138
2728,51014C
2729,62086A
2730,62095B
2731,62096A
2732,71143
2733,71495A
2734,71496A
2735,71496B
2736,72038P
2737,72051S
2738,72127
2739,72132
2740,72140F
2741,72349B
2742,72351A
2743,72351B
2744,72351a
2745,72369A
2746,72586
2747,72732
2748,72759
2749,72801c
2750,72802c
2751,72803b
2752,72807a
2753,72814
2754,72815
2755,72821
2756,75131
2757,75172
2758,75178
2759,77079
2760,77081
2761,77101A
2762,79000
2763,79030D
2764,79030G
2765,79051A
2766,79063C
2767,79066K
2768,79067
2769,79144B
2770,79157B
2771,79161A
2772,79163
2773,79191C
2774,79191D
2775,79302M
2776,79323W
2777,79336
2778,81953B
2779,82011A
2780,82483
2781,82580
2782,82581
2783,82582
2784,82583
2785,82599
2786,82605
2787,82613C
2788,82616C
2789,84006
2790,84007
2791,84016
2792,84031B
2793,84050
2794,84077
2795,84201C
2796,84206A
2797,84228
2798,84247C
2799,84247E
2800,84247G
2801,84249A
2802,84251C
2803,84251F
2804,84251G
2805,84251J
2806,84279P
2807,84313B
2808,84341B
2809,84352
2810,84387A
2811,84406B
2812,84415A
2813,84422
2814,84507B
2815,84508B
2816,84509C
2817,84509a
2818,84510a
2819,84510e
2820,84520B
2821,84536b
2822,84546
2823,84549
2824,84551
2825,84558A
2826,84559a
2827,84575A
2828,84592
2829,84596B
2830,84597B
2831,84609
2832,84617
2833,84620
2834,84631
2835,84638
2836,84660B
2837,84660c
2838,84661A
2839,84683
2840,84712B
2841,84731
2842,84732B
2843,84743C
2844,84746
2845,84748
2846,84755
2847,84760S
2848,84773
2849,84801B
2850,84805B
2851,84806A
2852,84806B
2853,84809A
2854,84813
2855,84821
2856,84826
2857,84832
2858,84840
2859,84842
2860,84843
2861,84845D
2862,84846A
2863,84847
2864,84854
2865,84856L
2866,84859B
2867,84872a
2868,84875B
2869,84876D
2870,84879
2871,84881
2872,84912B
2873,84915
2874,84924A
2875,84927A
2876,84927D
2877,84946
2878,84947
2879,84949
2880,84952B
2881,84977
2882,84984A
2883,84985A
2884,84997C
2885,84997a
2886,84997b
2887,84997c
2888,85006
2889,85015
2890,85018C
2891,85019A
2892,85020
2893,85023B
2894,85028S
2895,85030
2896,85031A
2897,85035a
2898,85036B
2899,85038
2900,85040B
2901,85040a
2902,85044
2903,85049C
2904,85049a
2905,85049g
2906,85053
2907,85055
2908,85061W
2909,85062
2910,85063
2911,85066
2912,85093
2913,85098B
2914,85099F
2915,85104
2916,85109
2917,85114A
2918,85114a
2919,85115B
2920,85118
2921,85119
2922,85129D
2923,85130B
2924,85131B
2925,85131C
2926,85131D
2927,85132B
2928,85132a
2929,85136C
2930,85146
2931,85161
2932,85167B
2933,85169B
2934,85170D
2935,85172
2936,85178
2937,85194S
2938,85199L
2939,85199S
2940,85203
2941,85216
2942,85226A
2943,85230A
2944,85230B
2945,85230E
2946,85230G
2947,85231B
2948,90000C
2949,90001C
2950,90010A
2951,90011A
2952,90011B
2953,90011D
2954,90013C
2955,90014B
2956,90019B
2957,90019C
2958,90021
2959,90022
2960,90024E
2961,90024F
2962,90025F
2963,90026B
2964,90026C
2965,90027B
2966,90036D
2967,90036E
2968,90039A
2969,90039C
2970,90042A
2971,90042B
2972,90048
2973,90050
2974,90051
2975,90052
2976,90053
2977,90055
2978,90059A
2979,90059C
2980,90059D
2981,90064A
2982,90070
2983,90072
2984,90073
2985,90077
2986,90079
2987,90081C
2988,90086
2989,90092
2990,90095
2991,90102
2992,90114
2993,90116
2994,90120A
2995,90120B
2996,90122A
2997,90125B
2998,90125D
2999,90128A
3000,90128B
3001,90128C
3002,90129E
3003,90129F
3004,90130A
3005,90130B
3006,90136
3007,90137
3008,90141C
3009,90141E
3010,90142A
3011,90142D
3012,90152A
3013,90152C
3014,90155
3015,90158
3016,90160A
3017,90160C
3018,90161A
3019,90162C
3020,90163B
3021,90169
3022,90175B
3023,90175D
3024,90176D
3025,90177B
3026,90177D
3027,90178A
3028,90178B
3029,90179A
3030,90181B
3031,90184A
3032,90185C
3033,90192
3034,90195A
3035,90195B
3036,90198A
3037,90200B
3038,90200E
3039,90201C
3040,90204
3041,90205C
3042,90208
3043,90209B
3044,90209C
3045,90210A
3046,90210D
3047,90214D
3048,90214J
3049,AMAZONFEE
3050,B
3051,CRUK
3052,D
3053,DCGS0057
3054,DCGS0069
3055,DCGS0071
3056,DCGS0072
3057,DCGSSBOY
3058,DCGSSGIRL
3059,DOT
3060,M
3061,POST
3062,gift_0001_20
3063,10080
3064,10123C
3065,10123G
3066,10124G
3067,10134
3068,10135
3069,11001
3070,15039
3071,15044C
3072,15056n
3073,15056p
3074,15058C
3075,15060B
3076,16053
3077,16156S
3078,16161G
3079,16237
3080,16248B
3081,16259
3082,17001
3083,17012A
3084,17014A
3085,17084J
3086,17084R
3087,17136A
3088,18098C
3089,20618
3090,20622
3091,20658
3092,20661
3093,20662
3094,20666
3095,20671
3096,20679
3097,20689
3098,20697
3099,20702
3100,20704
3101,20712
3102,20719
3103,20724
3104,20725
3105,20728
3106,20731
3107,20749
3108,20757
3109,20760
3110,20762
3111,20766
3112,20770
3113,20816
3114,20819
3115,20821
3116,20825
3117,20827
3118,20829
3119,20849
3120,20854
3121,20856
3122,20861
3123,20869
3124,20886
3125,20892
3126,20914
3127,20936
3128,20956
3129,20967
3130,20974
3131,20979
3132,20981
3133,20982
3134,21014
3135,21018
3136,21032
3137,21034
3138,21038
3139,21041
3140,21042
3141,21061
3142,21063
3143,21065
3144,21068
3145,21082
3146,21087
3147,21096
3148,21100
3149,21106
3150,21111
3151,21114
3152,21116
3153,21117
3154,21122
3155,21125
3156,21126
3157,21131
3158,21134
3159,21144
3160,21155
3161,21166
3162,21174
3163,21175
3164,21181
3165,21200
3166,21205
3167,21209
3168,21213
3169,21215
3170,21222
3171,21224
3172,21244
3173,21246
3174,21251
3175,21268
3176,21274
3177,21280
3178,21283
3179,21287
3180,21288
3181,21292
3182,21324
3183,21328
3184,21332
3185,21333
3186,21337
3187,21354
3188,21367
3189,21368
3190,21373
3191,21379
3192,21386
3193,21390
3194,21391
3195,21394
3196,21400
3197,21402
3198,21410
3199,21415
3200,21421
3201,21431
3202,21446
3203,21456
3204,21457
3205,21458
3206,21460
3207,21461
3208,21467
3209,21468
3210,21484
3211,21486
3212,21488
3213,21491
3214,21499
3215,21503
3216,21524
3217,21530
3218,21533
3219,21544
3220,21556
3221,21559
3222,21564
3223,21587
3224,21614
3225,21620
3226,21632
3227,21638
3228,21642
3229,21643
3230,21644
3231,21651
3232,21655
3233,21661
3234,21668
3235,21681
3236,21683
3237,21684
3238,21686
3239,21688
3240,21690
3241,21694
3242,21698
3243,21704
3244,21709
3245,21711
3246,21716
3247,21717
3248,21720
3249,21721
3250,21723
3251,21733
3252,21744
3253,21755
3254,21761
3255,21765
3256,21781
3257,21784
3258,21802
3259,21805
3260,21808
3261,21811
3262,21829
3263,21832
3264,21854
3265,21864
3266,21865
3267,21870
3268,21871
3269,21874
3270,21875
3271,21895
3272,21898
3273,21900
3274,21905
3275,21907
3276,21915
3277,21916
3278,21922
3279,21923
3280,21935
3281,21936
3282,21937
3283,21942
3284,21945
3285,21967
3286,21972
3287,21988
3288,21990
3289,22016
3290,22041
3291,22043
3292,22047
3293,22059
3294,22062
3295,22063
3296,22066
3297,22067
3298,22071
3299,22072
3300,22073
3301,22078
3302,22081
3303,22083
3304,22086
3305,22099
3306,22105
3307,22110
3308,22116
3309,22124
3310,22131
3311,22132
3312,22145
3313,22147
3314,22150
3315,22156
3316,22163
3317,22167
3318,22170
3319,22175
3320,22178
3321,22181
3322,22186
3323,22188
3324,22190
3325,22195
3326,22199
3327,22218
3328,22220
3329,22223
3330,22246
3331,22247
3332,22248
3333,22249
3334,22254
3335,22257
3336,22258
3337,22259
3338,22260
3339,22265
3340,22269
3341,22270
3342,22272
3343,22273
3344,22274
3345,22283
3346,22286
3347,22288
3348,22291
3349,22299
3350,22302
3351,22303
3352,22304
3353,22308
3354,22311
3355,22312
3356,22314
3357,22317
3358,22318
3359,22319
3360,22328
3361,22329
3362,22331
3363,22336
3364,22337
3365,22346
3366,22355
3367,22359
3368,22360
3369,22364
3370,22372
3371,22379
3372,22390
3373,22393
3374,22399
3375,22407
3376,22414
3377,22415
3378,22419
3379,22422
3380,22429
3381,22431
3382,22432
3383,22443
3384,22444
3385,22446
3386,22447
3387,22453
3388,22454
3389,22456
3390,22460
3391,22461
3392,22465
3393,22470
3394,22473
3395,22478
3396,22487
3397,22488
3398,22494
3399,22495
3400,22496
3401,22510
3402,22515
3403,22516
3404,22518
3405,22519
3406,22520
3407,22521
3408,22525
3409,22529
3410,22535
3411,22538
3412,22545
3413,22546
3414,22551
3415,22555
3416,22556
3417,22565
3418,22569
3419,22574
3420,22576
3421,22577
3422,22579
3423,22584
3424,22588
3425,22589
3426,22601
3427,22610
3428,22615
3429,22625
3430,22631
3431,22632
3432,22633
3433,22643
3434,22645
3435,22646
3436,22652
3437,22662
3438,22676
3439,22677
3440,22689
3441,22695
3442,22705
3443,22709
3444,22710
3445,22713
3446,22723
3447,22732
3448,22733
3449,22735
3450,22738
3451,22739
3452,22745
3453,22748
3454,22755
3455,22756
3456,22757
3457,22760
3458,22763
3459,22767
3460,22768
3461,22769
3462,22770
3463,22775
3464,22776
3465,22782
3466,22789
3467,22791
3468,22795
3469,22796
3470,22809
3471,22811
3472,22824
3473,22827
3474,22828
3475,22832
3476,22839
3477,22843
3478,22845
3479,22849
3480,22855
3481,22869
3482,22872
3483,22879
3484,22880
3485,22881
3486,22883
3487,22888
3488,22894
3489,22902
3490,22906
3491,22914
3492,22917
3493,22919
3494,22924
3495,22925
3496,22929
3497,22930
3498,22934
3499,22935
3500,22936
3501,22937
3502,22943
3503,22946
3504,22948
3505,22949
3506,22950
3507,22955
3508,22959
3509,22963
3510,22968
3511,22977
3512,22978
3513,22980
3514,22981
3515,22984
3516,22988
3517,23000
3518,23001
3519,23010
3520,23017
3521,23018
3522,23024
3523,23025
3524,23027
3525,23028
3526,23033
3527,23037
3528,23038
3529,23044
3530,23049
3531,23052
3532,23057
3533,23060
3534,23061
3535,23064
3536,23065
3537,23071
3538,23073
3539,23079
3540,23080
3541,23088
3542,23090
3543,23091
3544,23092
3545,23099
3546,23104
3547,23114
3548,23121
3549,23122
3550,23132
3551,23133
3552,23136
3553,23145
3554,23148
3555,23149
3556,23152
3557,23156
3558,23158
3559,23160
3560,23161
3561,23169
3562,23170
3563,23172
3564,23180
3565,23183
3566,23185
3567,23200
3568,23203
3569,23205
3570,23207
3571,23208
3572,23209
3573,23214
3574,23217
3575,23221
3576,23223
3577,23225
3578,23226
3579,23229
3580,23232
3581,23236
3582,23239
3583,23243
3584,23244
3585,23247
3586,23253
3587,23256
3588,23265
3589,23271
3590,23272
3591,23282
3592,23283
3593,23286
3594,23287
3595,23291
3596,23295
3597,23303
3598,23308
3599,23316
3600,23317
3601,23322
3602,23324
3603,23335
3604,23338
3605,23341
3606,23342
3607,23345
3608,23348
3609,23349
3610,23351
3611,23353
3612,23354
3613,23358
3614,23369
3615,23379
3616,23388
3617,23396
3618,23397
3619,23399
3620,23402
3621,23403
3622,23406
3623,23409
3624,23416
3625,23421
3626,23423
3627,23426
3628,23427
3629,23431
3630,23432
3631,23436
3632,23439
3633,23444
3634,23464
3635,23470
3636,23477
3637,23478
3638,23479
3639,23484
3640,23489
3641,23494
3642,23496
3643,23498
3644,23512
3645,23520
3646,23528
3647,23541
3648,23544
3649,23546
3650,23547
3651,23549
3652,23553
3653,23558
3654,23560
3655,23568
3656,23597
3657,23603
3658,23610
3659,23613
3660,23619
3661,23625
3662,23638
3663,23639
3664,23640
3665,23695
3666,35001W
3667,35004C
3668,35592T
3669,35594
3670,35597A
3671,35597B
3672,35598C
3673,35599B
3674,35599D
3675,35607A
3676,35607B
3677,35644
3678,35645
3679,35648
3680,35649
3681,35650
3682,35651
3683,35653
3684,35810B
3685,35815P
3686,35816P
3687,35819B
3688,35819P
3689,35823P
3690,35912B
3691,35957
3692,35968
3693,37327
3694,37424
3695,37446
3696,37448
3697,37461
3698,37464
3699,37477B
3700,37477D
3701,37479P
3702,37482P
3703,37491B
3704,37495
3705,37500
3706,37503
3707,37509
3708,40005B
3709,40018F
3710,40046A
3711,44234
3712,44235
3713,44242A
3714,46126A
3715,46775D
3716,46776B
3717,46776F
3718,46776e
3719,47016
3720,47310M
3721,47367B
3722,47420
3723,47421
3724,47422
3725,47480
3726,47503H
3727,47503J
3728,47559B
3729,47563B
3730,47566
3731,47566B
3732,47566b
3733,47574A
3734,47574B
3735,47585A
3736,47591D
3737,47591b
3738,47594A
3739,47599B
3740,48116
3741,48173c
3742,48184
3743,48188
3744,48194
3745,51014A
3746,51020A
3747,51020B
3748,71038
3749,71050
3750,71053
3751,71403
3752,72122
3753,72128
3754,72140E
3755,72225C
3756,72349b
3757,72780
3758,72789
3759,72799E
3760,72800B
3761,72800D
3762,72801D
3763,72801d
3764,72802A
3765,72802B
3766,72802a
3767,72803A
3768,72803B
3769,72807b
3770,72812
3771,75013B
3772,78027
3773,78034B
3774,79066k
3775,79071B
3776,79149B
3777,79151B
3778,79160
3779,79192A
3780,79323B
3781,79323LP
3782,79323P
3783,79329
3784,79341
3785,79342B
3786,79406
3787,81953P
3788,82001S
3789,82482
3790,82494L
3791,82494l
3792,82551
3793,82613a
3794,82616B
3795,84030e
3796,84031a
3797,84032A
3798,84032B
3799,84086C
3800,84192
3801,84199
3802,84226
3803,84231
3804,84358
3805,84415B
3806,84455
3807,84457
3808,84459B
3809,84465
3810,84507C
3811,84508C
3812,84509b
3813,84509g
3814,84510A
3815,84510C
3816,84510E
3817,84527
3818,84531A
3819,84539
3820,84548
3821,84550
3822,84563A
3823,84568
3824,84569A
3825,84580
3826,84593
3827,84596F
3828,84596e
3829,84596g
3830,84611B
3831,84612B
3832,84613A
3833,84616
3834,84637
3835,84660C
3836,84663A
3837,84664
3838,84673B
3839,84674
3840,84678
3841,84685
3842,84689
3843,84691
3844,84705C
3845,84706D
3846,84708B
3847,84711A
3848,84741C
3849,84744
3850,84745A
3851,84745B
3852,84750B
3853,84751B
3854,84766
3855,84789
3856,84795B
3857,84795b
3858,84796B
3859,84799
3860,84802B
3861,84804B
3862,84816
3863,84819
3864,84828
3865,84836
3866,84849A
3867,84849D
3868,84857C
3869,84859A
3870,84865
3871,84874B
3872,84876B
3873,84876C
3874,84877B
3875,84884A
3876,84899F
3877,84906
3878,84910A
3879,84912A
3880,84913A
3881,84916
3882,84917
3883,84921
3884,84923
3885,84924F
3886,84925F
3887,84926A
3888,84926E
3889,84926F
3890,84931A
3891,84951B
3892,84952A
3893,84964B
3894,84967A
3895,84968C
3896,84968D
3897,84968e
3898,84969
3899,84971S
3900,84987
3901,84988
3902,84989a
3903,84992
3904,84997D
3905,85014A
3906,85014B
3907,85014a
3908,85014b
3909,85017B
3910,85017C
3911,85018B
3912,85019B
3913,85024B
3914,85025C
3915,85027L
3916,85028L
3917,85032D
3918,85034A
3919,85035A
3920,85035c
3921,85036a
3922,85036b
3923,85039A
3924,85039a
3925,85045
3926,85049B
3927,85049d
3928,85064
3929,85065
3930,85071A
3931,85071D
3932,85087
3933,85094
3934,85095
3935,85099B
3936,85099C
3937,85103
3938,85106
3939,85114B
3940,85114b
3941,85114c
3942,85127
3943,85130D
3944,85131A
3945,85132b
3946,85132c
3947,85135A
3948,85136A
3949,85136B
3950,85141
3951,85145
3952,85152
3953,85159B
3954,85160B
3955,85163A
3956,85163B
3957,85175
3958,85176
3959,85179a
3960,85183B
3961,85186C
3962,85188B
3963,85189
3964,85194L
3965,85197
3966,85198
3967,85202
3968,85205B
3969,85206B
3970,85208
3971,85211
3972,85214
3973,85227
3974,85231G
3975,90001A
3976,90001D
3977,90003B
3978,90005A
3979,90013A
3980,90013D
3981,90024B
3982,90024C
3983,90025A
3984,90025B
3985,90026A
3986,90026D
3987,90027A
3988,90029
3989,90030A
3990,90030B
3991,90031
3992,90034
3993,90036F
3994,90037B
3995,90037D
3996,90038B
3997,90038C
3998,90039B
3999,90040B
4000,90041
4001,90056
4002,90059B
4003,90059E
4004,90060B
4005,90060D
4006,90062
4007,90065B
4008,90069
4009,90075
4010,90078
4011,90081A
4012,90082B
4013,90083
4014,90091
4015,90094
4016,90096
4017,90099
4018,90108
4019,90115
4020,90123A
4021,90125E
4022,90126A
4023,90128D
4024,90129D
4025,90134
4026,90135
4027,90138
4028,90141D
4029,90144
4030,90146
4031,90154
4032,90162A
4033,90162D
4034,90163A
4035,90164A
4036,90165A
4037,90165B
4038,90170
4039,90174
4040,90176E
4041,90177C
4042,90181A
4043,90182A
4044,90183C
4045,90183c
4046,90185B
4047,90186A
4048,90187A
4049,90187B
4050,90188
4051,90190A
4052,90190B
4053,90191
4054,90196B
4055,90201B
4056,90202A
4057,90202B
4058,90202C
4059,90209A
4060,90214F
4061,90214G
4062,90214H
4063,90214P
4064,90214S
4065,90214Y
4066,90214Z
4067,DCGS0066P
4068,DCGS0074
4069,PADS
4070,gift_0001_10
4071,gift_0001_40

